userName,score,at,content
Alex Alex,5,2026-05-07 13:45:24,mantap
Dewi Dewi,5,2026-05-07 13:28:03,good
Refandhi Tegar,5,2026-05-07 13:17:08,sangat baikk awww
Ardi Gimun,4,2026-05-07 13:11:30,nice
Ipan Susanto,1,2026-05-07 13:10:48,scan wajah aja susah nya mntak ampun sistem nya abal abal
Virzha Arif,3,2026-05-07 12:52:02,notifikasi transaksi kadang tidak masuk
Rahayu Ayu,1,2026-05-07 12:43:16,"susah sekali mau verifikasi wajah. nyoba berhari2 gagal terus. gimana sih, ribet banget👎🏻👎🏻👎🏻"
Nadia Syafitri,3,2026-05-07 12:37:09,kenapa wondr ketika di buka menggungakan data seluler sangat lama sekali bahkan hampir tidak bisa di buka. padahal jaringan bagus bagus saja ketika buka mbanking yg lain pun bisa.
Ahmad Suhaeri,5,2026-05-07 12:34:53,napa sya g bisa Download aplikasi ini ka
Wahyu,5,2026-05-07 12:28:44,baik
Surya Saputra,5,2026-05-07 12:27:01,mudah dan cepat
Triasroro Cahyani,1,2026-05-07 12:14:41,aplikasi yg harus selalu update dan ribet
Nina Marco,5,2026-05-07 12:05:02,TOP
Adhe Chaniagho,5,2026-05-07 12:03:28,Mantap
Julie Ajha,4,2026-05-07 11:51:00,mantap
Djaelani Abdul,5,2026-05-07 11:50:13,good
Ryan Yan,5,2026-05-07 11:50:02,cukup baik
Alfred,5,2026-05-07 11:35:45,Keren
Gus Anto,5,2026-05-07 11:31:32,wonder by BNI sangat membantu masyarakat Indonesia
Hery Setyawan,5,2026-05-07 11:31:11,aplikasi ini lebih memudahkan dlm bertransaksi
Agus Nugraha,5,2026-05-07 11:17:55,bagus
Jambi Kumpeh,4,2026-05-07 11:16:45,sangan baik
Bimbo hito Hito,5,2026-05-07 11:07:47,jos
Asep Syamsuddin,1,2026-05-07 10:57:29,mantap
boby Handika,5,2026-05-07 10:33:43,wonder boy BNI semoga makin sukses.. sangat membantu untuk transaksi sehari-hari 🔥🔥🔥
10.Komang Sudana merta,1,2026-05-07 10:31:13,apk busuk gak bisa di baca rek ku sama all bnk
Agung Triwidodo,5,2026-05-07 10:27:22,mantap
ibukvika vika,5,2026-05-07 10:23:33,saat ini sangat membatu memudahkan saya mengecek saldo dan transfer uang
Muhammad Robin,5,2026-05-07 10:22:22,BAGUS SI. TP LEBIH BAGUS ADA PINJAMAN BAGI PENGGUNA APLIKASI WONDR BY BNI.. DAN JANGKA LIMIT NYA 3/4 TAHUN.
EKA ADIYANTO,5,2026-05-07 10:20:24,bagus
Cok Gede,5,2026-05-07 10:16:50,bagus
adhi kuncoro,5,2026-05-07 10:12:41,saya topup di wonder pemberitahuan nya tidak berhasil tapi uangnya kepotong kalo setiap transaksi seperti ini gimana dong?
Ahmad Dimyati,5,2026-05-07 10:12:34,keren
radian toni,2,2026-05-07 09:50:47,"saya isi ewalet ovo 2X gagal tetapi saldo kepotong, sudah lewat 24 jam saldo belum juga kembali"
Nuryaman,5,2026-05-07 09:49:01,"Kenapa ya, kadang kadang masukin sandi suka salah, padahal sandi udah benar"
Muhammad Rafli Afrilio Rivanza,5,2026-05-07 09:11:14,menarik dan baik
Erni Ernini,5,2026-05-07 09:03:24,sangat mempermudah
Syahlani Onic,5,2026-05-07 08:54:05,aplikasi bagus sangat membantu
gunawan yulius,4,2026-05-07 08:45:54,sangat membantu dalam melakukan transaksi.
Idris ketoy,1,2026-05-07 08:45:12,ini kenapa aplikasinya wondr BNI ya.tidak BSA ke menu. kaga biasanya ini.sue bener
Soerya Aden,4,2026-05-07 08:18:11,nice lah
Awe kaizan,5,2026-05-07 08:09:23,terbaik.👍🏻
Fendy Afriansyah,5,2026-05-07 08:05:50,sangat baik
nadia triyani,5,2026-05-07 07:58:31,pakai wonder semakin terdepan
Oyeh Oyeh,5,2026-05-07 07:52:01,bagus sekali
cemlo mv,1,2026-05-07 07:45:08,"tolong perbaiki kinerja mobile tunai bni untuk kasus saldo terpotong namun uang nya tidak keluar supaya tidak menunggu berhari² uang kembali, sangat tidak profesional !"
lord shinrei,1,2026-05-07 07:43:24,"sudah ke cs bank nunggu berhari² gk bisa saat itu juga duit saya kembali. ceritanya mau tarik tunai pakai mobile tunai, saldo terpotong namun uang saya gk leluar di mesin atm nya. tolong jangan permainkan duit gaji saya, saya bertahan hidup nya gimana ? kalau suruh nunggu berhari² ? jangan zolim lah jadi bank !!"
shinrei xtuner,1,2026-05-07 07:41:03,"tarik tunai pakai mobile tunai saldo kepotong duit gk keluar di mesin atm. udah nyamperin cs bank, masih suruh nunggu beberapa hari, itu duit gaji gw woi !!!!! mau makan apa gw ni ??? perusahaan kerjasama dengan BNI jadi duit gaji via bni, tapi malah gini gimana ini ????"
khenza 32,5,2026-05-07 07:40:19,bagus
yudhi prasetyo,5,2026-05-07 07:38:49,good
Rus Wati,5,2026-05-07 07:38:40,👍♥️🙏
Zona Me Time,1,2026-05-07 07:35:32,"TARIK TUNAI VIA MOBILE TUNIA SALDO TERPOTONG, DUIT GK KELUAR. SUDAH KABARIN KE CS BANK, SURUH NUNGGU BEBERAPA HARI. ITU DUIT DIBUTUHKAN HARI INI KENAPA NASABAH HARUS MENUNGGU LAMA KARENA KESALAHAN SISTEM BNI ?"
imih suhaimih,5,2026-05-07 07:33:22,kalau sudah install wondr apakah app bni mbanking yg lama masih bisa dipakai ?
Deni fajrin ramadhan,5,2026-05-07 07:21:23,Sangat Baik
Vivi Oktafiani,3,2026-05-07 07:13:50,"tarik tunai di atm , transaksi gagal tapi saldo terpotong... sampai sekarang belum kembali, sudah lapor cabang terdekat nunggu 7x24 jam... seburuk ini kah pelayanan BNI?"
Pande Ardana,3,2026-05-07 07:05:02,bagus
Jhon Rianto Banjarnahor,5,2026-05-07 06:57:44,mantap
Chy Kumiss,5,2026-05-07 06:50:13,Sangat membantu sekali
Keyla artia ayu putri,2,2026-05-07 06:48:03,"udah berkali kali verifikasi wajah buat login ulang tapi tetep gak bisa, padahal pencahayaan dan sinyal sudah stabil tapi masih tetap gak bisa buat verifikasi"
alif faisalfalah,1,2026-05-07 06:01:45,SALDO TERPOTONG TRANSAKSI TIDAK MASUK KE PENERIMA. KEAMANAN MACEM APA!! COBA JELASIN BIKIN PENGGUNA GA NYAMAN
Zainzans,1,2026-05-07 05:51:38,burik
Favian R.F,1,2026-05-07 05:48:56,"buka loadingnya lama banget loginnya, pake bilang koneksi terputus aku buka aplikasi lain lancar"" aja aneh emang tolong di perbaikan"
Don Djagom,1,2026-05-07 05:45:44,"m- banking paling susah prosesnya kalau sinyal menurun dan sangat susah utk loading, menjengkelkan ketika di ganti ke wonder."
Husnul Khotimah,5,2026-05-07 05:38:13,bagus
Ati Suryati,3,2026-05-07 05:24:59,aplikasi gabisa kebuka slalu ada kendala
Arinda nur Azzahra,5,2026-05-07 05:15:29,sangat bagus dan mudah digunakan transaksi
Mulang Maay,1,2026-05-07 05:13:47,"aplikasi sampah, buat lu pada nih ya mending jangan download entar lu pada bakal nyesel"
Sintoriyadi Saptoto,5,2026-05-07 04:58:41,mantap
Ida Wati,5,2026-05-07 04:28:15,sering troble
Murtiningsih M,5,2026-05-07 04:26:27,layanan cepat
Agus Wahyudi,5,2026-05-07 04:19:16,oke mantab
Farrel Pratama,5,2026-05-07 04:18:49,jossssssss
MasBambang Bagus,5,2026-05-07 04:00:03,cepat reaksinya program
SAHRUDDIN Aldhy,4,2026-05-07 03:56:30,aman untuk digunakan bisa dipercaya
Ibnu Munawar,5,2026-05-07 03:52:43,"joss apk nya, pas buat juga satpam nya ramah. proses tidak ribet."
Ari Binjai,2,2026-05-07 03:43:00,transaksi gagal saldo berkurang mau buat pengaduan gk ada respon sama sekali buat kecewa nasabah aja
Memez Mica,3,2026-05-07 03:37:06,mudah dan nyaman
Ridoh Tbn,5,2026-05-07 03:22:32,Good
pengsing ham,5,2026-05-07 03:18:30,oke👍🙏
Rini Masita,5,2026-05-07 03:01:27,"msih Bru pkai aplikasi ini..msih belajar aku nya..mudah"" gampang di gunakan"
sardion simbolon,5,2026-05-07 02:53:10,good
Sukri,5,2026-05-07 02:37:04,mntap bngt
astika i putu,5,2026-05-07 02:29:53,bagus
Halimah Indrawati,5,2026-05-07 02:28:31,sangat baik
Fadli Rusli,2,2026-05-07 02:16:45,"Bahaya, tidak ada sisa saldo terakhir di setiap riwayat transaksi, bikin bingung berapa saldo awal sebelum transaksi, rawan penyalahgunaan.. Kalau ada oknum nakal yg ambil 100/200 ribu aja tiap bulan lewat celah sistem, pengguna tidak akan sadar.. Lebih baik BNI mobile banking yang lama, ketahuan sisa saldo setiap kali ada transaksi, jadi gampang dihitung.."
muzakki spdi,5,2026-05-07 02:16:20,josss.....
nova Dirniati,3,2026-05-07 01:52:18,banyak fitur nya kurang maksimal
Asni Isra,5,2026-05-07 01:41:31,sukses selalu
JATIRAGA Creator,4,2026-05-07 01:39:23,sering gangguan
Wandy Barus,1,2026-05-07 01:36:54,selalu gagal top up ke e-wallet. padahal saldo dan minimum saldo tertimbun masih cukup dan lebih. aneh banget aplikasinya. useless
Amir Gozal,5,2026-05-07 01:07:03,memabantu
Windra Utomo,5,2026-05-07 01:05:29,baik
benri Anto,5,2026-05-07 01:02:38,sip mantap keren
Winardi 001,5,2026-05-07 00:29:00,sangat bagus untuk transaksi sehari hari
Adrian Siregar,5,2026-05-07 00:25:43,sangat memuaskan
Wiranto Udango,5,2026-05-07 00:16:06,bagus
Hasriadi,5,2026-05-06 23:59:58,sangat membatu
Ghany Agam,5,2026-05-06 22:57:41,ok
Amirr Hakki,5,2026-05-06 22:57:19,mantap
Muhammad Ali,5,2026-05-06 21:43:28,baik
